{"btc":0.00526023,"eth":0.15567945,"ltc":6.76408856,"bch":0.79285185,"xrp":244.66862536,"xlm":2242.7665761,"link":39.54816031,"dot":251.97343758,"yfi":0.14275182,"sol":3.73568877,"usdt":471.16491924}