{"btc":0.00527053,"eth":0.15927972,"ltc":6.82423101,"bch":0.80022083,"xrp":248.51692251,"xlm":2252.50845649,"link":40.26255288,"dot":257.31700101,"yfi":0.13843999,"sol":3.79872456,"usdt":435.54558385}