{"btc":0.0054733,"eth":0.17668027,"ltc":7.24009402,"bch":0.82672546,"xrp":258.93189542,"xlm":2379.88012848,"link":43.00013761,"dot":277.38324971,"yfi":0.14978117,"sol":4.09399032,"usdt":431.74240831}